origin_id,rule,selected_target,oracle_target,selected_runtime_seconds,oracle_runtime_seconds,deadline_seconds,deadline_violation,regret_seconds,regret_bounded_by_deadline
v4-44-f0-cpu-45k,deadline-feasible-point-forecast,public-cloud,public-cloud,18.5,18.5,25.0,False,0.0,True
v4-44-f0-cpu-45k,constant-large-tier,public-cloud,public-cloud,18.5,18.5,25.0,False,0.0,True
v4-44-f0-cpu-45k,constant-fixed-tier,on-prem,public-cloud,21.5,18.5,25.0,False,3.0,True
v4-44-f0-cpu-45k,deadline-feasible-conformal-upper-bound,public-cloud,public-cloud,18.5,18.5,25.0,False,0.0,True
v4-45-f3-r50-int8-224-128,deadline-feasible-point-forecast,public-cloud,edge-1,15.0,10.0,24.5,False,5.0,True
v4-45-f3-r50-int8-224-128,constant-large-tier,public-cloud,edge-1,15.0,10.0,24.5,False,5.0,True
v4-45-f3-r50-int8-224-128,constant-fixed-tier,on-prem,edge-1,25.0,10.0,24.5,True,14.5,True
v4-45-f3-r50-int8-224-128,deadline-feasible-conformal-upper-bound,public-cloud,edge-1,15.0,10.0,24.5,False,5.0,True
v4-46-f3-r50-int8-224-192,deadline-feasible-point-forecast,public-cloud,edge-1,13.0,12.0,54.0,False,1.0,True
v4-46-f3-r50-int8-224-192,constant-large-tier,public-cloud,edge-1,13.0,12.0,54.0,False,1.0,True
v4-46-f3-r50-int8-224-192,constant-fixed-tier,on-prem,edge-1,35.0,12.0,54.0,False,23.0,True
v4-46-f3-r50-int8-224-192,deadline-feasible-conformal-upper-bound,public-cloud,edge-1,13.0,12.0,54.0,False,1.0,True
v4-47-f3-r50-fp32-224-288,deadline-feasible-point-forecast,public-cloud,public-cloud,18.5,18.5,69.0,False,0.0,True
v4-47-f3-r50-fp32-224-288,constant-large-tier,public-cloud,public-cloud,18.5,18.5,69.0,False,0.0,True
v4-47-f3-r50-fp32-224-288,constant-fixed-tier,on-prem,public-cloud,33.0,18.5,69.0,False,14.5,True
v4-47-f3-r50-fp32-224-288,deadline-feasible-conformal-upper-bound,public-cloud,public-cloud,18.5,18.5,69.0,False,0.0,True
v4-48-f1-x264-720p-testsrc2-veryfast-2400,deadline-feasible-point-forecast,public-cloud,public-cloud,21.0,21.0,27.5,False,0.0,True
v4-48-f1-x264-720p-testsrc2-veryfast-2400,constant-large-tier,public-cloud,public-cloud,21.0,21.0,27.5,False,0.0,True
v4-48-f1-x264-720p-testsrc2-veryfast-2400,constant-fixed-tier,on-prem,public-cloud,26.5,21.0,27.5,False,5.5,True
v4-48-f1-x264-720p-testsrc2-veryfast-2400,deadline-feasible-conformal-upper-bound,public-cloud,public-cloud,21.0,21.0,27.5,False,0.0,True
v4-49-f4-pr-kron-22-n1,deadline-feasible-point-forecast,public-cloud,on-prem,26.0,25.0,42.0,False,1.0,True
v4-49-f4-pr-kron-22-n1,constant-large-tier,public-cloud,on-prem,26.0,25.0,42.0,False,1.0,True
v4-49-f4-pr-kron-22-n1,constant-fixed-tier,on-prem,on-prem,25.0,25.0,42.0,False,0.0,True
v4-49-f4-pr-kron-22-n1,deadline-feasible-conformal-upper-bound,public-cloud,on-prem,26.0,25.0,42.0,False,1.0,True
v4-50-f2-mixed-zstd1-aes-1024,deadline-feasible-point-forecast,public-cloud,on-prem,28.0,26.0,30.0,False,2.0,True
v4-50-f2-mixed-zstd1-aes-1024,constant-large-tier,public-cloud,on-prem,28.0,26.0,30.0,False,2.0,True
v4-50-f2-mixed-zstd1-aes-1024,constant-fixed-tier,on-prem,on-prem,26.0,26.0,30.0,False,0.0,True
v4-50-f2-mixed-zstd1-aes-1024,deadline-feasible-conformal-upper-bound,public-cloud,on-prem,28.0,26.0,30.0,False,2.0,True
v4-51-f2-random-zstd1-aes-1152,deadline-feasible-point-forecast,public-cloud,public-cloud,11.0,11.0,26.2,False,0.0,True
v4-51-f2-random-zstd1-aes-1152,constant-large-tier,public-cloud,public-cloud,11.0,11.0,26.2,False,0.0,True
v4-51-f2-random-zstd1-aes-1152,constant-fixed-tier,on-prem,public-cloud,14.0,11.0,26.2,False,3.0,True
v4-51-f2-random-zstd1-aes-1152,deadline-feasible-conformal-upper-bound,public-cloud,public-cloud,11.0,11.0,26.2,False,0.0,True
v4-52-f3-r50-fp32-224-384,deadline-feasible-point-forecast,public-cloud,public-cloud,29.5,29.5,96.0,False,0.0,True
v4-52-f3-r50-fp32-224-384,constant-large-tier,public-cloud,public-cloud,29.5,29.5,96.0,False,0.0,True
v4-52-f3-r50-fp32-224-384,constant-fixed-tier,on-prem,public-cloud,41.5,29.5,96.0,False,12.0,True
v4-52-f3-r50-fp32-224-384,deadline-feasible-conformal-upper-bound,on-prem,public-cloud,41.5,29.5,96.0,False,12.0,True
v4-53-f0-cpu-45k,deadline-feasible-point-forecast,public-cloud,public-cloud,20.0,20.0,60.0,False,0.0,True
v4-53-f0-cpu-45k,constant-large-tier,public-cloud,public-cloud,20.0,20.0,60.0,False,0.0,True
v4-53-f0-cpu-45k,constant-fixed-tier,on-prem,public-cloud,21.0,20.0,60.0,False,1.0,True
v4-53-f0-cpu-45k,deadline-feasible-conformal-upper-bound,public-cloud,public-cloud,20.0,20.0,60.0,False,0.0,True
v4-54-f5-sf1-q1-r2,deadline-feasible-point-forecast,public-cloud,on-prem,14.0,14.0,22.5,False,0.0,True
v4-54-f5-sf1-q1-r2,constant-large-tier,public-cloud,on-prem,14.0,14.0,22.5,False,0.0,True
v4-54-f5-sf1-q1-r2,constant-fixed-tier,on-prem,on-prem,14.0,14.0,22.5,False,0.0,True
v4-54-f5-sf1-q1-r2,deadline-feasible-conformal-upper-bound,public-cloud,on-prem,14.0,14.0,22.5,False,0.0,True
v4-55-f3-r50-fp32-288-96,deadline-feasible-point-forecast,public-cloud,public-cloud,17.0,17.0,31.5,False,0.0,True
v4-55-f3-r50-fp32-288-96,constant-large-tier,public-cloud,public-cloud,17.0,17.0,31.5,False,0.0,True
v4-55-f3-r50-fp32-288-96,constant-fixed-tier,on-prem,public-cloud,20.5,17.0,31.5,False,3.5,True
v4-55-f3-r50-fp32-288-96,deadline-feasible-conformal-upper-bound,public-cloud,public-cloud,17.0,17.0,31.5,False,0.0,True
v4-56-f1-x265-720p-mandelbrot-med-500,deadline-feasible-point-forecast,public-cloud,public-cloud,35.0,35.0,60.0,False,0.0,True
v4-56-f1-x265-720p-mandelbrot-med-500,constant-large-tier,public-cloud,public-cloud,35.0,35.0,60.0,False,0.0,True
v4-56-f1-x265-720p-mandelbrot-med-500,constant-fixed-tier,on-prem,public-cloud,46.5,35.0,60.0,False,11.5,True
v4-56-f1-x265-720p-mandelbrot-med-500,deadline-feasible-conformal-upper-bound,public-cloud,public-cloud,35.0,35.0,60.0,False,0.0,True
v4-57-f2-random-zstd1-aes-768,deadline-feasible-point-forecast,public-cloud,edge-1,11.0,10.0,21.0,False,1.0,True
v4-57-f2-random-zstd1-aes-768,constant-large-tier,public-cloud,edge-1,11.0,10.0,21.0,False,1.0,True
v4-57-f2-random-zstd1-aes-768,constant-fixed-tier,on-prem,edge-1,11.0,10.0,21.0,False,1.0,True
v4-57-f2-random-zstd1-aes-768,deadline-feasible-conformal-upper-bound,public-cloud,edge-1,11.0,10.0,21.0,False,1.0,True
v4-58-f3-r50-int8-224-288,deadline-feasible-point-forecast,public-cloud,edge-1,17.0,17.0,28.8,False,0.0,True
v4-58-f3-r50-int8-224-288,constant-large-tier,public-cloud,edge-1,17.0,17.0,28.8,False,0.0,True
v4-58-f3-r50-int8-224-288,constant-fixed-tier,on-prem,edge-1,49.0,17.0,28.8,True,11.8,True
v4-58-f3-r50-int8-224-288,deadline-feasible-conformal-upper-bound,public-cloud,edge-1,17.0,17.0,28.8,False,0.0,True
v4-59-f4-pr-uniform-21-n1,deadline-feasible-point-forecast,public-cloud,public-cloud,9.5,9.5,45.0,False,0.0,True
v4-59-f4-pr-uniform-21-n1,constant-large-tier,public-cloud,public-cloud,9.5,9.5,45.0,False,0.0,True
v4-59-f4-pr-uniform-21-n1,constant-fixed-tier,on-prem,public-cloud,14.5,9.5,45.0,False,5.0,True
v4-59-f4-pr-uniform-21-n1,deadline-feasible-conformal-upper-bound,public-cloud,public-cloud,9.5,9.5,45.0,False,0.0,True
v4-60-f1-x265-720p-testsrc2-med-1100,deadline-feasible-point-forecast,public-cloud,public-cloud,49.0,49.0,135.0,False,0.0,True
v4-60-f1-x265-720p-testsrc2-med-1100,constant-large-tier,public-cloud,public-cloud,49.0,49.0,135.0,False,0.0,True
v4-60-f1-x265-720p-testsrc2-med-1100,constant-fixed-tier,on-prem,public-cloud,70.5,49.0,135.0,False,21.5,True
v4-60-f1-x265-720p-testsrc2-med-1100,deadline-feasible-conformal-upper-bound,public-cloud,public-cloud,49.0,49.0,135.0,False,0.0,True
v4-61-f2-random-zstd1-chacha-1152,deadline-feasible-point-forecast,public-cloud,public-cloud,12.0,12.0,26.2,False,0.0,True
v4-61-f2-random-zstd1-chacha-1152,constant-large-tier,public-cloud,public-cloud,12.0,12.0,26.2,False,0.0,True
v4-61-f2-random-zstd1-chacha-1152,constant-fixed-tier,on-prem,public-cloud,14.0,12.0,26.2,False,2.0,True
v4-61-f2-random-zstd1-chacha-1152,deadline-feasible-conformal-upper-bound,public-cloud,public-cloud,12.0,12.0,26.2,False,0.0,True
v4-62-f5-sf1-q9-r2,deadline-feasible-point-forecast,public-cloud,on-prem,15.0,14.0,38.5,False,1.0,True
v4-62-f5-sf1-q9-r2,constant-large-tier,public-cloud,on-prem,15.0,14.0,38.5,False,1.0,True
v4-62-f5-sf1-q9-r2,constant-fixed-tier,on-prem,on-prem,14.0,14.0,38.5,False,0.0,True
v4-62-f5-sf1-q9-r2,deadline-feasible-conformal-upper-bound,public-cloud,on-prem,15.0,14.0,38.5,False,1.0,True
v4-63-f1-x265-720p-testsrc2-med-1500,deadline-feasible-point-forecast,public-cloud,public-cloud,53.5,53.5,177.0,False,0.0,True
v4-63-f1-x265-720p-testsrc2-med-1500,constant-large-tier,public-cloud,public-cloud,53.5,53.5,177.0,False,0.0,True
v4-63-f1-x265-720p-testsrc2-med-1500,constant-fixed-tier,on-prem,public-cloud,94.5,53.5,177.0,False,41.0,True
v4-63-f1-x265-720p-testsrc2-med-1500,deadline-feasible-conformal-upper-bound,public-cloud,public-cloud,53.5,53.5,177.0,False,0.0,True
v4-64-f1-x265-720p-testsrc2-med-400,deadline-feasible-point-forecast,public-cloud,public-cloud,17.0,17.0,28.8,False,0.0,True
v4-64-f1-x265-720p-testsrc2-med-400,constant-large-tier,public-cloud,public-cloud,17.0,17.0,28.8,False,0.0,True
v4-64-f1-x265-720p-testsrc2-med-400,constant-fixed-tier,on-prem,public-cloud,26.5,17.0,28.8,False,9.5,True
v4-64-f1-x265-720p-testsrc2-med-400,deadline-feasible-conformal-upper-bound,public-cloud,public-cloud,17.0,17.0,28.8,False,0.0,True
v4-65-f3-mnv2-int8-224-1500,deadline-feasible-point-forecast,public-cloud,public-cloud,13.0,13.0,48.0,False,0.0,True
v4-65-f3-mnv2-int8-224-1500,constant-large-tier,public-cloud,public-cloud,13.0,13.0,48.0,False,0.0,True
v4-65-f3-mnv2-int8-224-1500,constant-fixed-tier,on-prem,public-cloud,28.0,13.0,48.0,False,15.0,True
v4-65-f3-mnv2-int8-224-1500,deadline-feasible-conformal-upper-bound,public-cloud,public-cloud,13.0,13.0,48.0,False,0.0,True
v4-66-f4-tc-kron-20-n1,deadline-feasible-point-forecast,public-cloud,on-prem,16.5,14.5,75.2,False,2.0,True
v4-66-f4-tc-kron-20-n1,constant-large-tier,public-cloud,on-prem,16.5,14.5,75.2,False,2.0,True
v4-66-f4-tc-kron-20-n1,constant-fixed-tier,on-prem,on-prem,14.5,14.5,75.2,False,0.0,True
v4-66-f4-tc-kron-20-n1,deadline-feasible-conformal-upper-bound,public-cloud,on-prem,16.5,14.5,75.2,False,2.0,True
v4-67-f3-mnv2-fp32-224-1500,deadline-feasible-point-forecast,public-cloud,on-prem,24.0,19.5,20.0,True,0.5,True
v4-67-f3-mnv2-fp32-224-1500,constant-large-tier,public-cloud,on-prem,24.0,19.5,20.0,True,0.5,True
v4-67-f3-mnv2-fp32-224-1500,constant-fixed-tier,on-prem,on-prem,19.5,19.5,20.0,False,0.0,True
v4-67-f3-mnv2-fp32-224-1500,deadline-feasible-conformal-upper-bound,public-cloud,on-prem,24.0,19.5,20.0,True,0.5,True
v4-68-f3-mnv2-int8-224-2000,deadline-feasible-point-forecast,public-cloud,edge-1,22.0,19.0,23.8,False,3.0,True
v4-68-f3-mnv2-int8-224-2000,constant-large-tier,public-cloud,edge-1,22.0,19.0,23.8,False,3.0,True
v4-68-f3-mnv2-int8-224-2000,constant-fixed-tier,on-prem,edge-1,37.0,19.0,23.8,True,4.800000000000001,True
v4-68-f3-mnv2-int8-224-2000,deadline-feasible-conformal-upper-bound,public-cloud,edge-1,22.0,19.0,23.8,False,3.0,True
v4-69-f0-cpu-45k,deadline-feasible-point-forecast,public-cloud,public-cloud,17.5,17.5,60.0,False,0.0,True
v4-69-f0-cpu-45k,constant-large-tier,public-cloud,public-cloud,17.5,17.5,60.0,False,0.0,True
v4-69-f0-cpu-45k,constant-fixed-tier,on-prem,public-cloud,21.0,17.5,60.0,False,3.5,True
v4-69-f0-cpu-45k,deadline-feasible-conformal-upper-bound,public-cloud,public-cloud,17.5,17.5,60.0,False,0.0,True
v4-70-f2-random-zstd1-chacha-768,deadline-feasible-point-forecast,public-cloud,edge-1,11.0,10.0,21.0,False,1.0,True
v4-70-f2-random-zstd1-chacha-768,constant-large-tier,public-cloud,edge-1,11.0,10.0,21.0,False,1.0,True
v4-70-f2-random-zstd1-chacha-768,constant-fixed-tier,on-prem,edge-1,10.0,10.0,21.0,False,0.0,True
v4-70-f2-random-zstd1-chacha-768,deadline-feasible-conformal-upper-bound,on-prem,edge-1,10.0,10.0,21.0,False,0.0,True
