model,origin_id,target_count,kendall_tau,predicted_top1_target,measured_top1_target,top1_hit,measured_top1_runtime_seconds,selected_top1_measured_runtime_seconds
family-median,v4-44-f0-cpu-45k,4,0,edge-1,public-cloud,False,18.5,82
family-median,v4-45-f3-r50-int8-224-128,4,0,edge-1,edge-1,True,10,10
family-median,v4-46-f3-r50-int8-224-192,4,0,edge-1,edge-1,True,12,12
family-median,v4-47-f3-r50-fp32-224-288,4,0,edge-1,public-cloud,False,18.5,81
family-median,v4-48-f1-x264-720p-testsrc2-veryfast-2400,4,0,edge-1,public-cloud,False,21,30
family-median,v4-49-f4-pr-kron-22-n1,4,0,edge-1,on-prem,False,25,33.5
family-median,v4-50-f2-mixed-zstd1-aes-1024,4,0,edge-1,on-prem,False,26,29
family-median,v4-51-f2-random-zstd1-aes-1152,4,0,edge-1,public-cloud,False,11,13
family-median,v4-52-f3-r50-fp32-224-384,4,0,edge-1,public-cloud,False,29.5,111
family-median,v4-53-f0-cpu-45k,4,0,edge-1,public-cloud,False,20,82
family-median,v4-54-f5-sf1-q1-r2,4,0,edge-1,on-prem,False,14,22
family-median,v4-55-f3-r50-fp32-288-96,4,0,edge-1,public-cloud,False,17,32.5
family-median,v4-56-f1-x265-720p-mandelbrot-med-500,4,0,edge-1,public-cloud,False,35,79
family-median,v4-57-f2-random-zstd1-aes-768,4,0,edge-1,edge-1,True,10,10
family-median,v4-58-f3-r50-int8-224-288,4,0,edge-1,edge-1,True,17,17
family-median,v4-59-f4-pr-uniform-21-n1,4,0,edge-1,public-cloud,False,9.5,17.5
family-median,v4-60-f1-x265-720p-testsrc2-med-1100,4,0,edge-1,public-cloud,False,49,73
family-median,v4-61-f2-random-zstd1-chacha-1152,4,0,edge-1,public-cloud,False,12,13
family-median,v4-62-f5-sf1-q9-r2,4,0,edge-1,on-prem,False,14,17.5
family-median,v4-63-f1-x265-720p-testsrc2-med-1500,4,0,edge-1,public-cloud,False,53.5,114
family-median,v4-64-f1-x265-720p-testsrc2-med-400,4,0,edge-1,public-cloud,False,17,31
family-median,v4-65-f3-mnv2-int8-224-1500,4,0,edge-1,public-cloud,False,13,17
family-median,v4-66-f4-tc-kron-20-n1,4,0,edge-1,on-prem,False,14.5,19.5
family-median,v4-67-f3-mnv2-fp32-224-1500,4,0,edge-1,on-prem,False,19.5,58
family-median,v4-68-f3-mnv2-int8-224-2000,4,0,edge-1,edge-1,True,19,19
family-median,v4-69-f0-cpu-45k,4,0,edge-1,public-cloud,False,17.5,81.5
family-median,v4-70-f2-random-zstd1-chacha-768,4,0,edge-1,edge-1,True,10,10
family-target-log-log-size,v4-44-f0-cpu-45k,4,1,public-cloud,public-cloud,True,18.5,18.5
family-target-log-log-size,v4-45-f3-r50-int8-224-128,4,1,edge-1,edge-1,True,10,10
family-target-log-log-size,v4-46-f3-r50-int8-224-192,4,1,edge-1,edge-1,True,12,12
family-target-log-log-size,v4-47-f3-r50-fp32-224-288,4,1,public-cloud,public-cloud,True,18.5,18.5
family-target-log-log-size,v4-48-f1-x264-720p-testsrc2-veryfast-2400,4,1,public-cloud,public-cloud,True,21,21
family-target-log-log-size,v4-49-f4-pr-kron-22-n1,4,0.666666666667,public-cloud,on-prem,False,25,26
family-target-log-log-size,v4-50-f2-mixed-zstd1-aes-1024,4,0.333333333333,public-cloud,on-prem,False,26,28
family-target-log-log-size,v4-51-f2-random-zstd1-aes-1152,4,1,public-cloud,public-cloud,True,11,11
family-target-log-log-size,v4-52-f3-r50-fp32-224-384,4,1,public-cloud,public-cloud,True,29.5,29.5
family-target-log-log-size,v4-53-f0-cpu-45k,4,1,public-cloud,public-cloud,True,20,20
family-target-log-log-size,v4-54-f5-sf1-q1-r2,4,1,public-cloud,on-prem,False,14,14
family-target-log-log-size,v4-55-f3-r50-fp32-288-96,4,1,public-cloud,public-cloud,True,17,17
family-target-log-log-size,v4-56-f1-x265-720p-mandelbrot-med-500,4,1,public-cloud,public-cloud,True,35,35
family-target-log-log-size,v4-57-f2-random-zstd1-aes-768,4,0.2,public-cloud,edge-1,False,10,11
family-target-log-log-size,v4-58-f3-r50-int8-224-288,4,1,edge-1,edge-1,True,17,17
family-target-log-log-size,v4-59-f4-pr-uniform-21-n1,4,1,public-cloud,public-cloud,True,9.5,9.5
family-target-log-log-size,v4-60-f1-x265-720p-testsrc2-med-1100,4,1,public-cloud,public-cloud,True,49,49
family-target-log-log-size,v4-61-f2-random-zstd1-chacha-1152,4,1,public-cloud,public-cloud,True,12,12
family-target-log-log-size,v4-62-f5-sf1-q9-r2,4,0.666666666667,public-cloud,on-prem,False,14,15
family-target-log-log-size,v4-63-f1-x265-720p-testsrc2-med-1500,4,1,public-cloud,public-cloud,True,53.5,53.5
family-target-log-log-size,v4-64-f1-x265-720p-testsrc2-med-400,4,1,public-cloud,public-cloud,True,17,17
family-target-log-log-size,v4-65-f3-mnv2-int8-224-1500,4,1,public-cloud,public-cloud,True,13,13
family-target-log-log-size,v4-66-f4-tc-kron-20-n1,4,0,edge-1,on-prem,False,14.5,19.5
family-target-log-log-size,v4-67-f3-mnv2-fp32-224-1500,4,0.666666666667,public-cloud,on-prem,False,19.5,24
family-target-log-log-size,v4-68-f3-mnv2-int8-224-2000,4,0.666666666667,public-cloud,edge-1,False,19,22
family-target-log-log-size,v4-69-f0-cpu-45k,4,1,public-cloud,public-cloud,True,17.5,17.5
family-target-log-log-size,v4-70-f2-random-zstd1-chacha-768,4,0.2,public-cloud,edge-1,False,10,11
family-target-median,v4-44-f0-cpu-45k,4,1,public-cloud,public-cloud,True,18.5,18.5
family-target-median,v4-45-f3-r50-int8-224-128,4,0.666666666667,public-cloud,edge-1,False,10,15
family-target-median,v4-46-f3-r50-int8-224-192,4,0.666666666667,public-cloud,edge-1,False,12,13
family-target-median,v4-47-f3-r50-fp32-224-288,4,1,public-cloud,public-cloud,True,18.5,18.5
family-target-median,v4-48-f1-x264-720p-testsrc2-veryfast-2400,4,1,on-prem,public-cloud,False,21,26.5
family-target-median,v4-49-f4-pr-kron-22-n1,4,0.666666666667,public-cloud,on-prem,False,25,26
family-target-median,v4-50-f2-mixed-zstd1-aes-1024,4,0.333333333333,public-cloud,on-prem,False,26,28
family-target-median,v4-51-f2-random-zstd1-aes-1152,4,1,public-cloud,public-cloud,True,11,11
family-target-median,v4-52-f3-r50-fp32-224-384,4,1,public-cloud,public-cloud,True,29.5,29.5
family-target-median,v4-53-f0-cpu-45k,4,1,public-cloud,public-cloud,True,20,20
family-target-median,v4-54-f5-sf1-q1-r2,4,1,public-cloud,on-prem,False,14,14
family-target-median,v4-55-f3-r50-fp32-288-96,4,1,public-cloud,public-cloud,True,17,17
family-target-median,v4-56-f1-x265-720p-mandelbrot-med-500,4,1,on-prem,public-cloud,False,35,46.5
family-target-median,v4-57-f2-random-zstd1-aes-768,4,0.6,public-cloud,edge-1,False,10,11
family-target-median,v4-58-f3-r50-int8-224-288,4,1,public-cloud,edge-1,False,17,17
family-target-median,v4-59-f4-pr-uniform-21-n1,4,1,public-cloud,public-cloud,True,9.5,9.5
family-target-median,v4-60-f1-x265-720p-testsrc2-med-1100,4,1,on-prem,public-cloud,False,49,70.5
family-target-median,v4-61-f2-random-zstd1-chacha-1152,4,1,public-cloud,public-cloud,True,12,12
family-target-median,v4-62-f5-sf1-q9-r2,4,0.666666666667,public-cloud,on-prem,False,14,15
family-target-median,v4-63-f1-x265-720p-testsrc2-med-1500,4,1,on-prem,public-cloud,False,53.5,94.5
family-target-median,v4-64-f1-x265-720p-testsrc2-med-400,4,1,on-prem,public-cloud,False,17,26.5
family-target-median,v4-65-f3-mnv2-int8-224-1500,4,1,public-cloud,public-cloud,True,13,13
family-target-median,v4-66-f4-tc-kron-20-n1,4,0.666666666667,public-cloud,on-prem,False,14.5,16.5
family-target-median,v4-67-f3-mnv2-fp32-224-1500,4,0.666666666667,public-cloud,on-prem,False,19.5,24
family-target-median,v4-68-f3-mnv2-int8-224-2000,4,0.666666666667,public-cloud,edge-1,False,19,22
family-target-median,v4-69-f0-cpu-45k,4,1,public-cloud,public-cloud,True,17.5,17.5
family-target-median,v4-70-f2-random-zstd1-chacha-768,4,0.2,public-cloud,edge-1,False,10,11
global-median,v4-44-f0-cpu-45k,4,0,edge-1,public-cloud,False,18.5,82
global-median,v4-45-f3-r50-int8-224-128,4,0,edge-1,edge-1,True,10,10
global-median,v4-46-f3-r50-int8-224-192,4,0,edge-1,edge-1,True,12,12
global-median,v4-47-f3-r50-fp32-224-288,4,0,edge-1,public-cloud,False,18.5,81
global-median,v4-48-f1-x264-720p-testsrc2-veryfast-2400,4,0,edge-1,public-cloud,False,21,30
global-median,v4-49-f4-pr-kron-22-n1,4,0,edge-1,on-prem,False,25,33.5
global-median,v4-50-f2-mixed-zstd1-aes-1024,4,0,edge-1,on-prem,False,26,29
global-median,v4-51-f2-random-zstd1-aes-1152,4,0,edge-1,public-cloud,False,11,13
global-median,v4-52-f3-r50-fp32-224-384,4,0,edge-1,public-cloud,False,29.5,111
global-median,v4-53-f0-cpu-45k,4,0,edge-1,public-cloud,False,20,82
global-median,v4-54-f5-sf1-q1-r2,4,0,edge-1,on-prem,False,14,22
global-median,v4-55-f3-r50-fp32-288-96,4,0,edge-1,public-cloud,False,17,32.5
global-median,v4-56-f1-x265-720p-mandelbrot-med-500,4,0,edge-1,public-cloud,False,35,79
global-median,v4-57-f2-random-zstd1-aes-768,4,0,edge-1,edge-1,True,10,10
global-median,v4-58-f3-r50-int8-224-288,4,0,edge-1,edge-1,True,17,17
global-median,v4-59-f4-pr-uniform-21-n1,4,0,edge-1,public-cloud,False,9.5,17.5
global-median,v4-60-f1-x265-720p-testsrc2-med-1100,4,0,edge-1,public-cloud,False,49,73
global-median,v4-61-f2-random-zstd1-chacha-1152,4,0,edge-1,public-cloud,False,12,13
global-median,v4-62-f5-sf1-q9-r2,4,0,edge-1,on-prem,False,14,17.5
global-median,v4-63-f1-x265-720p-testsrc2-med-1500,4,0,edge-1,public-cloud,False,53.5,114
global-median,v4-64-f1-x265-720p-testsrc2-med-400,4,0,edge-1,public-cloud,False,17,31
global-median,v4-65-f3-mnv2-int8-224-1500,4,0,edge-1,public-cloud,False,13,17
global-median,v4-66-f4-tc-kron-20-n1,4,0,edge-1,on-prem,False,14.5,19.5
global-median,v4-67-f3-mnv2-fp32-224-1500,4,0,edge-1,on-prem,False,19.5,58
global-median,v4-68-f3-mnv2-int8-224-2000,4,0,edge-1,edge-1,True,19,19
global-median,v4-69-f0-cpu-45k,4,0,edge-1,public-cloud,False,17.5,81.5
global-median,v4-70-f2-random-zstd1-chacha-768,4,0,edge-1,edge-1,True,10,10
ladder:W,v4-44-f0-cpu-45k,4,1,public-cloud,public-cloud,True,18.5,18.5
ladder:W,v4-45-f3-r50-int8-224-128,4,0.666666666667,public-cloud,edge-1,False,10,15
ladder:W,v4-46-f3-r50-int8-224-192,4,0.666666666667,public-cloud,edge-1,False,12,13
ladder:W,v4-47-f3-r50-fp32-224-288,4,1,public-cloud,public-cloud,True,18.5,18.5
ladder:W,v4-48-f1-x264-720p-testsrc2-veryfast-2400,4,1,public-cloud,public-cloud,True,21,21
ladder:W,v4-49-f4-pr-kron-22-n1,4,0.666666666667,public-cloud,on-prem,False,25,26
ladder:W,v4-50-f2-mixed-zstd1-aes-1024,4,0.666666666667,public-cloud,on-prem,False,26,28
ladder:W,v4-51-f2-random-zstd1-aes-1152,4,0.666666666667,public-cloud,public-cloud,True,11,11
ladder:W,v4-52-f3-r50-fp32-224-384,4,1,public-cloud,public-cloud,True,29.5,29.5
ladder:W,v4-53-f0-cpu-45k,4,1,public-cloud,public-cloud,True,20,20
ladder:W,v4-54-f5-sf1-q1-r2,4,1,public-cloud,on-prem,False,14,14
ladder:W,v4-55-f3-r50-fp32-288-96,4,1,public-cloud,public-cloud,True,17,17
ladder:W,v4-56-f1-x265-720p-mandelbrot-med-500,4,1,public-cloud,public-cloud,True,35,35
ladder:W,v4-57-f2-random-zstd1-aes-768,4,0.2,public-cloud,edge-1,False,10,11
ladder:W,v4-58-f3-r50-int8-224-288,4,1,public-cloud,edge-1,False,17,17
ladder:W,v4-59-f4-pr-uniform-21-n1,4,1,public-cloud,public-cloud,True,9.5,9.5
ladder:W,v4-60-f1-x265-720p-testsrc2-med-1100,4,1,public-cloud,public-cloud,True,49,49
ladder:W,v4-61-f2-random-zstd1-chacha-1152,4,0.666666666667,public-cloud,public-cloud,True,12,12
ladder:W,v4-62-f5-sf1-q9-r2,4,0.666666666667,public-cloud,on-prem,False,14,15
ladder:W,v4-63-f1-x265-720p-testsrc2-med-1500,4,1,public-cloud,public-cloud,True,53.5,53.5
ladder:W,v4-64-f1-x265-720p-testsrc2-med-400,4,1,public-cloud,public-cloud,True,17,17
ladder:W,v4-65-f3-mnv2-int8-224-1500,4,1,public-cloud,public-cloud,True,13,13
ladder:W,v4-66-f4-tc-kron-20-n1,4,0.666666666667,public-cloud,on-prem,False,14.5,16.5
ladder:W,v4-67-f3-mnv2-fp32-224-1500,4,0.666666666667,public-cloud,on-prem,False,19.5,24
ladder:W,v4-68-f3-mnv2-int8-224-2000,4,0.666666666667,public-cloud,edge-1,False,19,22
ladder:W,v4-69-f0-cpu-45k,4,1,public-cloud,public-cloud,True,17.5,17.5
ladder:W,v4-70-f2-random-zstd1-chacha-768,4,0.2,public-cloud,edge-1,False,10,11
ladder:W+H,v4-44-f0-cpu-45k,4,1,public-cloud,public-cloud,True,18.5,18.5
ladder:W+H,v4-45-f3-r50-int8-224-128,4,0.666666666667,public-cloud,edge-1,False,10,15
ladder:W+H,v4-46-f3-r50-int8-224-192,4,0.666666666667,public-cloud,edge-1,False,12,13
ladder:W+H,v4-47-f3-r50-fp32-224-288,4,1,public-cloud,public-cloud,True,18.5,18.5
ladder:W+H,v4-48-f1-x264-720p-testsrc2-veryfast-2400,4,1,public-cloud,public-cloud,True,21,21
ladder:W+H,v4-49-f4-pr-kron-22-n1,4,0.666666666667,public-cloud,on-prem,False,25,26
ladder:W+H,v4-50-f2-mixed-zstd1-aes-1024,4,0.666666666667,public-cloud,on-prem,False,26,28
ladder:W+H,v4-51-f2-random-zstd1-aes-1152,4,0.666666666667,public-cloud,public-cloud,True,11,11
ladder:W+H,v4-52-f3-r50-fp32-224-384,4,1,public-cloud,public-cloud,True,29.5,29.5
ladder:W+H,v4-53-f0-cpu-45k,4,1,public-cloud,public-cloud,True,20,20
ladder:W+H,v4-54-f5-sf1-q1-r2,4,1,public-cloud,on-prem,False,14,14
ladder:W+H,v4-55-f3-r50-fp32-288-96,4,1,public-cloud,public-cloud,True,17,17
ladder:W+H,v4-56-f1-x265-720p-mandelbrot-med-500,4,1,public-cloud,public-cloud,True,35,35
ladder:W+H,v4-57-f2-random-zstd1-aes-768,4,0.2,public-cloud,edge-1,False,10,11
ladder:W+H,v4-58-f3-r50-int8-224-288,4,1,public-cloud,edge-1,False,17,17
ladder:W+H,v4-59-f4-pr-uniform-21-n1,4,1,public-cloud,public-cloud,True,9.5,9.5
ladder:W+H,v4-60-f1-x265-720p-testsrc2-med-1100,4,1,public-cloud,public-cloud,True,49,49
ladder:W+H,v4-61-f2-random-zstd1-chacha-1152,4,0.666666666667,public-cloud,public-cloud,True,12,12
ladder:W+H,v4-62-f5-sf1-q9-r2,4,0.666666666667,public-cloud,on-prem,False,14,15
ladder:W+H,v4-63-f1-x265-720p-testsrc2-med-1500,4,1,public-cloud,public-cloud,True,53.5,53.5
ladder:W+H,v4-64-f1-x265-720p-testsrc2-med-400,4,1,public-cloud,public-cloud,True,17,17
ladder:W+H,v4-65-f3-mnv2-int8-224-1500,4,1,public-cloud,public-cloud,True,13,13
ladder:W+H,v4-66-f4-tc-kron-20-n1,4,0.666666666667,public-cloud,on-prem,False,14.5,16.5
ladder:W+H,v4-67-f3-mnv2-fp32-224-1500,4,0.666666666667,public-cloud,on-prem,False,19.5,24
ladder:W+H,v4-68-f3-mnv2-int8-224-2000,4,0.666666666667,public-cloud,edge-1,False,19,22
ladder:W+H,v4-69-f0-cpu-45k,4,1,public-cloud,public-cloud,True,17.5,17.5
ladder:W+H,v4-70-f2-random-zstd1-chacha-768,4,0.2,public-cloud,edge-1,False,10,11
ladder:W+H+C,v4-44-f0-cpu-45k,4,1,public-cloud,public-cloud,True,18.5,18.5
ladder:W+H+C,v4-45-f3-r50-int8-224-128,4,0.666666666667,public-cloud,edge-1,False,10,15
ladder:W+H+C,v4-46-f3-r50-int8-224-192,4,0.666666666667,public-cloud,edge-1,False,12,13
ladder:W+H+C,v4-47-f3-r50-fp32-224-288,4,1,public-cloud,public-cloud,True,18.5,18.5
ladder:W+H+C,v4-48-f1-x264-720p-testsrc2-veryfast-2400,4,1,public-cloud,public-cloud,True,21,21
ladder:W+H+C,v4-49-f4-pr-kron-22-n1,4,0.666666666667,public-cloud,on-prem,False,25,26
ladder:W+H+C,v4-50-f2-mixed-zstd1-aes-1024,4,0.666666666667,public-cloud,on-prem,False,26,28
ladder:W+H+C,v4-51-f2-random-zstd1-aes-1152,4,0.666666666667,public-cloud,public-cloud,True,11,11
ladder:W+H+C,v4-52-f3-r50-fp32-224-384,4,1,public-cloud,public-cloud,True,29.5,29.5
ladder:W+H+C,v4-53-f0-cpu-45k,4,1,public-cloud,public-cloud,True,20,20
ladder:W+H+C,v4-54-f5-sf1-q1-r2,4,1,public-cloud,on-prem,False,14,14
ladder:W+H+C,v4-55-f3-r50-fp32-288-96,4,1,public-cloud,public-cloud,True,17,17
ladder:W+H+C,v4-56-f1-x265-720p-mandelbrot-med-500,4,1,public-cloud,public-cloud,True,35,35
ladder:W+H+C,v4-57-f2-random-zstd1-aes-768,4,0.2,public-cloud,edge-1,False,10,11
ladder:W+H+C,v4-58-f3-r50-int8-224-288,4,1,public-cloud,edge-1,False,17,17
ladder:W+H+C,v4-59-f4-pr-uniform-21-n1,4,1,public-cloud,public-cloud,True,9.5,9.5
ladder:W+H+C,v4-60-f1-x265-720p-testsrc2-med-1100,4,1,public-cloud,public-cloud,True,49,49
ladder:W+H+C,v4-61-f2-random-zstd1-chacha-1152,4,0.666666666667,public-cloud,public-cloud,True,12,12
ladder:W+H+C,v4-62-f5-sf1-q9-r2,4,0.666666666667,public-cloud,on-prem,False,14,15
ladder:W+H+C,v4-63-f1-x265-720p-testsrc2-med-1500,4,1,public-cloud,public-cloud,True,53.5,53.5
ladder:W+H+C,v4-64-f1-x265-720p-testsrc2-med-400,4,1,public-cloud,public-cloud,True,17,17
ladder:W+H+C,v4-65-f3-mnv2-int8-224-1500,4,1,public-cloud,public-cloud,True,13,13
ladder:W+H+C,v4-66-f4-tc-kron-20-n1,4,0.666666666667,public-cloud,on-prem,False,14.5,16.5
ladder:W+H+C,v4-67-f3-mnv2-fp32-224-1500,4,0.666666666667,public-cloud,on-prem,False,19.5,24
ladder:W+H+C,v4-68-f3-mnv2-int8-224-2000,4,0.666666666667,public-cloud,edge-1,False,19,22
ladder:W+H+C,v4-69-f0-cpu-45k,4,1,public-cloud,public-cloud,True,17.5,17.5
ladder:W+H+C,v4-70-f2-random-zstd1-chacha-768,4,0.2,public-cloud,edge-1,False,10,11
ladder:W+H+C+S,v4-44-f0-cpu-45k,4,1,public-cloud,public-cloud,True,18.5,18.5
ladder:W+H+C+S,v4-45-f3-r50-int8-224-128,4,0.666666666667,public-cloud,edge-1,False,10,15
ladder:W+H+C+S,v4-46-f3-r50-int8-224-192,4,0.666666666667,public-cloud,edge-1,False,12,13
ladder:W+H+C+S,v4-47-f3-r50-fp32-224-288,4,1,public-cloud,public-cloud,True,18.5,18.5
ladder:W+H+C+S,v4-48-f1-x264-720p-testsrc2-veryfast-2400,4,1,public-cloud,public-cloud,True,21,21
ladder:W+H+C+S,v4-49-f4-pr-kron-22-n1,4,0.666666666667,public-cloud,on-prem,False,25,26
ladder:W+H+C+S,v4-50-f2-mixed-zstd1-aes-1024,4,0.666666666667,public-cloud,on-prem,False,26,28
ladder:W+H+C+S,v4-51-f2-random-zstd1-aes-1152,4,0.666666666667,public-cloud,public-cloud,True,11,11
ladder:W+H+C+S,v4-52-f3-r50-fp32-224-384,4,1,public-cloud,public-cloud,True,29.5,29.5
ladder:W+H+C+S,v4-53-f0-cpu-45k,4,1,public-cloud,public-cloud,True,20,20
ladder:W+H+C+S,v4-54-f5-sf1-q1-r2,4,1,public-cloud,on-prem,False,14,14
ladder:W+H+C+S,v4-55-f3-r50-fp32-288-96,4,1,public-cloud,public-cloud,True,17,17
ladder:W+H+C+S,v4-56-f1-x265-720p-mandelbrot-med-500,4,1,public-cloud,public-cloud,True,35,35
ladder:W+H+C+S,v4-57-f2-random-zstd1-aes-768,4,0.2,public-cloud,edge-1,False,10,11
ladder:W+H+C+S,v4-58-f3-r50-int8-224-288,4,1,public-cloud,edge-1,False,17,17
ladder:W+H+C+S,v4-59-f4-pr-uniform-21-n1,4,1,public-cloud,public-cloud,True,9.5,9.5
ladder:W+H+C+S,v4-60-f1-x265-720p-testsrc2-med-1100,4,1,public-cloud,public-cloud,True,49,49
ladder:W+H+C+S,v4-61-f2-random-zstd1-chacha-1152,4,0.666666666667,public-cloud,public-cloud,True,12,12
ladder:W+H+C+S,v4-62-f5-sf1-q9-r2,4,0.666666666667,public-cloud,on-prem,False,14,15
ladder:W+H+C+S,v4-63-f1-x265-720p-testsrc2-med-1500,4,1,public-cloud,public-cloud,True,53.5,53.5
ladder:W+H+C+S,v4-64-f1-x265-720p-testsrc2-med-400,4,1,public-cloud,public-cloud,True,17,17
ladder:W+H+C+S,v4-65-f3-mnv2-int8-224-1500,4,1,public-cloud,public-cloud,True,13,13
ladder:W+H+C+S,v4-66-f4-tc-kron-20-n1,4,0.666666666667,public-cloud,on-prem,False,14.5,16.5
ladder:W+H+C+S,v4-67-f3-mnv2-fp32-224-1500,4,0.666666666667,public-cloud,on-prem,False,19.5,24
ladder:W+H+C+S,v4-68-f3-mnv2-int8-224-2000,4,0.666666666667,public-cloud,edge-1,False,19,22
ladder:W+H+C+S,v4-69-f0-cpu-45k,4,1,public-cloud,public-cloud,True,17.5,17.5
ladder:W+H+C+S,v4-70-f2-random-zstd1-chacha-768,4,0.2,public-cloud,edge-1,False,10,11
learned:bilinear,v4-44-f0-cpu-45k,4,1,public-cloud,public-cloud,True,18.5,18.5
learned:bilinear,v4-45-f3-r50-int8-224-128,4,0.666666666667,public-cloud,edge-1,False,10,15
learned:bilinear,v4-46-f3-r50-int8-224-192,4,0.666666666667,public-cloud,edge-1,False,12,13
learned:bilinear,v4-47-f3-r50-fp32-224-288,4,1,public-cloud,public-cloud,True,18.5,18.5
learned:bilinear,v4-48-f1-x264-720p-testsrc2-veryfast-2400,4,1,public-cloud,public-cloud,True,21,21
learned:bilinear,v4-49-f4-pr-kron-22-n1,4,0.666666666667,public-cloud,on-prem,False,25,26
learned:bilinear,v4-50-f2-mixed-zstd1-aes-1024,4,0.666666666667,public-cloud,on-prem,False,26,28
learned:bilinear,v4-51-f2-random-zstd1-aes-1152,4,0.666666666667,public-cloud,public-cloud,True,11,11
learned:bilinear,v4-52-f3-r50-fp32-224-384,4,1,public-cloud,public-cloud,True,29.5,29.5
learned:bilinear,v4-53-f0-cpu-45k,4,1,public-cloud,public-cloud,True,20,20
learned:bilinear,v4-54-f5-sf1-q1-r2,4,1,public-cloud,on-prem,False,14,14
learned:bilinear,v4-55-f3-r50-fp32-288-96,4,1,public-cloud,public-cloud,True,17,17
learned:bilinear,v4-56-f1-x265-720p-mandelbrot-med-500,4,1,public-cloud,public-cloud,True,35,35
learned:bilinear,v4-57-f2-random-zstd1-aes-768,4,0.2,public-cloud,edge-1,False,10,11
learned:bilinear,v4-58-f3-r50-int8-224-288,4,1,public-cloud,edge-1,False,17,17
learned:bilinear,v4-59-f4-pr-uniform-21-n1,4,1,public-cloud,public-cloud,True,9.5,9.5
learned:bilinear,v4-60-f1-x265-720p-testsrc2-med-1100,4,1,public-cloud,public-cloud,True,49,49
learned:bilinear,v4-61-f2-random-zstd1-chacha-1152,4,0.666666666667,public-cloud,public-cloud,True,12,12
learned:bilinear,v4-62-f5-sf1-q9-r2,4,0.666666666667,public-cloud,on-prem,False,14,15
learned:bilinear,v4-63-f1-x265-720p-testsrc2-med-1500,4,1,public-cloud,public-cloud,True,53.5,53.5
learned:bilinear,v4-64-f1-x265-720p-testsrc2-med-400,4,1,public-cloud,public-cloud,True,17,17
learned:bilinear,v4-65-f3-mnv2-int8-224-1500,4,1,public-cloud,public-cloud,True,13,13
learned:bilinear,v4-66-f4-tc-kron-20-n1,4,0.666666666667,public-cloud,on-prem,False,14.5,16.5
learned:bilinear,v4-67-f3-mnv2-fp32-224-1500,4,0.666666666667,public-cloud,on-prem,False,19.5,24
learned:bilinear,v4-68-f3-mnv2-int8-224-2000,4,0.666666666667,public-cloud,edge-1,False,19,22
learned:bilinear,v4-69-f0-cpu-45k,4,1,public-cloud,public-cloud,True,17.5,17.5
learned:bilinear,v4-70-f2-random-zstd1-chacha-768,4,0.2,public-cloud,edge-1,False,10,11
learned:random_forest,v4-44-f0-cpu-45k,4,1,public-cloud,public-cloud,True,18.5,18.5
learned:random_forest,v4-45-f3-r50-int8-224-128,4,0.333333333333,public-cloud,edge-1,False,10,15
learned:random_forest,v4-46-f3-r50-int8-224-192,4,0.333333333333,public-cloud,edge-1,False,12,13
learned:random_forest,v4-47-f3-r50-fp32-224-288,4,1,public-cloud,public-cloud,True,18.5,18.5
learned:random_forest,v4-48-f1-x264-720p-testsrc2-veryfast-2400,4,1,public-cloud,public-cloud,True,21,21
learned:random_forest,v4-49-f4-pr-kron-22-n1,4,0.666666666667,public-cloud,on-prem,False,25,26
learned:random_forest,v4-50-f2-mixed-zstd1-aes-1024,4,0.666666666667,public-cloud,on-prem,False,26,28
learned:random_forest,v4-51-f2-random-zstd1-aes-1152,4,0.666666666667,public-cloud,public-cloud,True,11,11
learned:random_forest,v4-52-f3-r50-fp32-224-384,4,1,public-cloud,public-cloud,True,29.5,29.5
learned:random_forest,v4-53-f0-cpu-45k,4,1,public-cloud,public-cloud,True,20,20
learned:random_forest,v4-54-f5-sf1-q1-r2,4,1,public-cloud,on-prem,False,14,14
learned:random_forest,v4-55-f3-r50-fp32-288-96,4,1,public-cloud,public-cloud,True,17,17
learned:random_forest,v4-56-f1-x265-720p-mandelbrot-med-500,4,1,public-cloud,public-cloud,True,35,35
learned:random_forest,v4-57-f2-random-zstd1-aes-768,4,0.2,on-prem,edge-1,False,10,11
learned:random_forest,v4-58-f3-r50-int8-224-288,4,1,public-cloud,edge-1,False,17,17
learned:random_forest,v4-59-f4-pr-uniform-21-n1,4,1,public-cloud,public-cloud,True,9.5,9.5
learned:random_forest,v4-60-f1-x265-720p-testsrc2-med-1100,4,1,public-cloud,public-cloud,True,49,49
learned:random_forest,v4-61-f2-random-zstd1-chacha-1152,4,0.666666666667,public-cloud,public-cloud,True,12,12
learned:random_forest,v4-62-f5-sf1-q9-r2,4,0.666666666667,public-cloud,on-prem,False,14,15
learned:random_forest,v4-63-f1-x265-720p-testsrc2-med-1500,4,1,public-cloud,public-cloud,True,53.5,53.5
learned:random_forest,v4-64-f1-x265-720p-testsrc2-med-400,4,0.666666666667,public-cloud,public-cloud,True,17,17
learned:random_forest,v4-65-f3-mnv2-int8-224-1500,4,0.666666666667,public-cloud,public-cloud,True,13,13
learned:random_forest,v4-66-f4-tc-kron-20-n1,4,1,on-prem,on-prem,True,14.5,14.5
learned:random_forest,v4-67-f3-mnv2-fp32-224-1500,4,0.666666666667,public-cloud,on-prem,False,19.5,24
learned:random_forest,v4-68-f3-mnv2-int8-224-2000,4,0.333333333333,public-cloud,edge-1,False,19,22
learned:random_forest,v4-69-f0-cpu-45k,4,1,public-cloud,public-cloud,True,17.5,17.5
learned:random_forest,v4-70-f2-random-zstd1-chacha-768,4,0.2,public-cloud,edge-1,False,10,11
learned:ridge,v4-44-f0-cpu-45k,4,1,public-cloud,public-cloud,True,18.5,18.5
learned:ridge,v4-45-f3-r50-int8-224-128,4,0.666666666667,public-cloud,edge-1,False,10,15
learned:ridge,v4-46-f3-r50-int8-224-192,4,0.666666666667,public-cloud,edge-1,False,12,13
learned:ridge,v4-47-f3-r50-fp32-224-288,4,0.666666666667,public-cloud,public-cloud,True,18.5,18.5
learned:ridge,v4-48-f1-x264-720p-testsrc2-veryfast-2400,4,1,public-cloud,public-cloud,True,21,21
learned:ridge,v4-49-f4-pr-kron-22-n1,4,0.666666666667,public-cloud,on-prem,False,25,26
learned:ridge,v4-50-f2-mixed-zstd1-aes-1024,4,0.333333333333,public-cloud,on-prem,False,26,28
learned:ridge,v4-51-f2-random-zstd1-aes-1152,4,1,public-cloud,public-cloud,True,11,11
learned:ridge,v4-52-f3-r50-fp32-224-384,4,0.666666666667,public-cloud,public-cloud,True,29.5,29.5
learned:ridge,v4-53-f0-cpu-45k,4,1,public-cloud,public-cloud,True,20,20
learned:ridge,v4-54-f5-sf1-q1-r2,4,1,public-cloud,on-prem,False,14,14
learned:ridge,v4-55-f3-r50-fp32-288-96,4,1,public-cloud,public-cloud,True,17,17
learned:ridge,v4-56-f1-x265-720p-mandelbrot-med-500,4,1,public-cloud,public-cloud,True,35,35
learned:ridge,v4-57-f2-random-zstd1-aes-768,4,0.2,public-cloud,edge-1,False,10,11
learned:ridge,v4-58-f3-r50-int8-224-288,4,1,public-cloud,edge-1,False,17,17
learned:ridge,v4-59-f4-pr-uniform-21-n1,4,1,public-cloud,public-cloud,True,9.5,9.5
learned:ridge,v4-60-f1-x265-720p-testsrc2-med-1100,4,1,public-cloud,public-cloud,True,49,49
learned:ridge,v4-61-f2-random-zstd1-chacha-1152,4,0.666666666667,public-cloud,public-cloud,True,12,12
learned:ridge,v4-62-f5-sf1-q9-r2,4,0.666666666667,public-cloud,on-prem,False,14,15
learned:ridge,v4-63-f1-x265-720p-testsrc2-med-1500,4,1,public-cloud,public-cloud,True,53.5,53.5
learned:ridge,v4-64-f1-x265-720p-testsrc2-med-400,4,1,public-cloud,public-cloud,True,17,17
learned:ridge,v4-65-f3-mnv2-int8-224-1500,4,0.666666666667,public-cloud,public-cloud,True,13,13
learned:ridge,v4-66-f4-tc-kron-20-n1,4,0.666666666667,public-cloud,on-prem,False,14.5,16.5
learned:ridge,v4-67-f3-mnv2-fp32-224-1500,4,0.666666666667,public-cloud,on-prem,False,19.5,24
learned:ridge,v4-68-f3-mnv2-int8-224-2000,4,0.333333333333,public-cloud,edge-1,False,19,22
learned:ridge,v4-69-f0-cpu-45k,4,1,public-cloud,public-cloud,True,17.5,17.5
learned:ridge,v4-70-f2-random-zstd1-chacha-768,4,0.2,public-cloud,edge-1,False,10,11
learned:xgboost,v4-44-f0-cpu-45k,4,1,public-cloud,public-cloud,True,18.5,18.5
learned:xgboost,v4-45-f3-r50-int8-224-128,4,0.666666666667,public-cloud,edge-1,False,10,15
learned:xgboost,v4-46-f3-r50-int8-224-192,4,0.333333333333,public-cloud,edge-1,False,12,13
learned:xgboost,v4-47-f3-r50-fp32-224-288,4,1,public-cloud,public-cloud,True,18.5,18.5
learned:xgboost,v4-48-f1-x264-720p-testsrc2-veryfast-2400,4,0.666666666667,public-cloud,public-cloud,True,21,21
learned:xgboost,v4-49-f4-pr-kron-22-n1,4,0.666666666667,public-cloud,on-prem,False,25,26
learned:xgboost,v4-50-f2-mixed-zstd1-aes-1024,4,0.666666666667,public-cloud,on-prem,False,26,28
learned:xgboost,v4-51-f2-random-zstd1-aes-1152,4,0.666666666667,public-cloud,public-cloud,True,11,11
learned:xgboost,v4-52-f3-r50-fp32-224-384,4,1,public-cloud,public-cloud,True,29.5,29.5
learned:xgboost,v4-53-f0-cpu-45k,4,1,public-cloud,public-cloud,True,20,20
learned:xgboost,v4-54-f5-sf1-q1-r2,4,1,public-cloud,on-prem,False,14,14
learned:xgboost,v4-55-f3-r50-fp32-288-96,4,1,public-cloud,public-cloud,True,17,17
learned:xgboost,v4-56-f1-x265-720p-mandelbrot-med-500,4,0.666666666667,public-cloud,public-cloud,True,35,35
learned:xgboost,v4-57-f2-random-zstd1-aes-768,4,0.2,public-cloud,edge-1,False,10,11
learned:xgboost,v4-58-f3-r50-int8-224-288,4,1,public-cloud,edge-1,False,17,17
learned:xgboost,v4-59-f4-pr-uniform-21-n1,4,1,public-cloud,public-cloud,True,9.5,9.5
learned:xgboost,v4-60-f1-x265-720p-testsrc2-med-1100,4,1,public-cloud,public-cloud,True,49,49
learned:xgboost,v4-61-f2-random-zstd1-chacha-1152,4,0.666666666667,public-cloud,public-cloud,True,12,12
learned:xgboost,v4-62-f5-sf1-q9-r2,4,0.666666666667,public-cloud,on-prem,False,14,15
learned:xgboost,v4-63-f1-x265-720p-testsrc2-med-1500,4,0.666666666667,public-cloud,public-cloud,True,53.5,53.5
learned:xgboost,v4-64-f1-x265-720p-testsrc2-med-400,4,0.666666666667,public-cloud,public-cloud,True,17,17
learned:xgboost,v4-65-f3-mnv2-int8-224-1500,4,0.666666666667,public-cloud,public-cloud,True,13,13
learned:xgboost,v4-66-f4-tc-kron-20-n1,4,1,on-prem,on-prem,True,14.5,14.5
learned:xgboost,v4-67-f3-mnv2-fp32-224-1500,4,0.666666666667,public-cloud,on-prem,False,19.5,24
learned:xgboost,v4-68-f3-mnv2-int8-224-2000,4,0.333333333333,public-cloud,edge-1,False,19,22
learned:xgboost,v4-69-f0-cpu-45k,4,1,public-cloud,public-cloud,True,17.5,17.5
learned:xgboost,v4-70-f2-random-zstd1-chacha-768,4,0.2,public-cloud,edge-1,False,10,11
rank1-target-speed-factor,v4-44-f0-cpu-45k,4,1,public-cloud,public-cloud,True,18.5,18.5
rank1-target-speed-factor,v4-45-f3-r50-int8-224-128,4,0.333333333333,public-cloud,edge-1,False,10,15
rank1-target-speed-factor,v4-46-f3-r50-int8-224-192,4,0.333333333333,public-cloud,edge-1,False,12,13
rank1-target-speed-factor,v4-47-f3-r50-fp32-224-288,4,1,public-cloud,public-cloud,True,18.5,18.5
rank1-target-speed-factor,v4-48-f1-x264-720p-testsrc2-veryfast-2400,4,1,public-cloud,public-cloud,True,21,21
rank1-target-speed-factor,v4-49-f4-pr-kron-22-n1,4,0.666666666667,public-cloud,on-prem,False,25,26
rank1-target-speed-factor,v4-50-f2-mixed-zstd1-aes-1024,4,0.666666666667,public-cloud,on-prem,False,26,28
rank1-target-speed-factor,v4-51-f2-random-zstd1-aes-1152,4,0.666666666667,public-cloud,public-cloud,True,11,11
rank1-target-speed-factor,v4-52-f3-r50-fp32-224-384,4,1,public-cloud,public-cloud,True,29.5,29.5
rank1-target-speed-factor,v4-53-f0-cpu-45k,4,1,public-cloud,public-cloud,True,20,20
rank1-target-speed-factor,v4-54-f5-sf1-q1-r2,4,1,public-cloud,on-prem,False,14,14
rank1-target-speed-factor,v4-55-f3-r50-fp32-288-96,4,1,public-cloud,public-cloud,True,17,17
rank1-target-speed-factor,v4-56-f1-x265-720p-mandelbrot-med-500,4,1,public-cloud,public-cloud,True,35,35
rank1-target-speed-factor,v4-57-f2-random-zstd1-aes-768,4,0.2,public-cloud,edge-1,False,10,11
rank1-target-speed-factor,v4-58-f3-r50-int8-224-288,4,0.6,public-cloud,edge-1,False,17,17
rank1-target-speed-factor,v4-59-f4-pr-uniform-21-n1,4,1,public-cloud,public-cloud,True,9.5,9.5
rank1-target-speed-factor,v4-60-f1-x265-720p-testsrc2-med-1100,4,1,public-cloud,public-cloud,True,49,49
rank1-target-speed-factor,v4-61-f2-random-zstd1-chacha-1152,4,0.666666666667,public-cloud,public-cloud,True,12,12
rank1-target-speed-factor,v4-62-f5-sf1-q9-r2,4,0.666666666667,public-cloud,on-prem,False,14,15
rank1-target-speed-factor,v4-63-f1-x265-720p-testsrc2-med-1500,4,1,public-cloud,public-cloud,True,53.5,53.5
rank1-target-speed-factor,v4-64-f1-x265-720p-testsrc2-med-400,4,1,public-cloud,public-cloud,True,17,17
rank1-target-speed-factor,v4-65-f3-mnv2-int8-224-1500,4,0.666666666667,public-cloud,public-cloud,True,13,13
rank1-target-speed-factor,v4-66-f4-tc-kron-20-n1,4,0.666666666667,public-cloud,on-prem,False,14.5,16.5
rank1-target-speed-factor,v4-67-f3-mnv2-fp32-224-1500,4,0.666666666667,public-cloud,on-prem,False,19.5,24
rank1-target-speed-factor,v4-68-f3-mnv2-int8-224-2000,4,0.333333333333,public-cloud,edge-1,False,19,22
rank1-target-speed-factor,v4-69-f0-cpu-45k,4,1,public-cloud,public-cloud,True,17.5,17.5
rank1-target-speed-factor,v4-70-f2-random-zstd1-chacha-768,4,0.2,public-cloud,edge-1,False,10,11
recency-last,v4-44-f0-cpu-45k,4,1,public-cloud,public-cloud,True,18.5,18.5
recency-last,v4-45-f3-r50-int8-224-128,4,1,edge-1,edge-1,True,10,10
recency-last,v4-46-f3-r50-int8-224-192,4,1,edge-1,edge-1,True,12,12
recency-last,v4-47-f3-r50-fp32-224-288,4,1,public-cloud,public-cloud,True,18.5,18.5
recency-last,v4-48-f1-x264-720p-testsrc2-veryfast-2400,4,1,public-cloud,public-cloud,True,21,21
recency-last,v4-49-f4-pr-kron-22-n1,4,0.666666666667,public-cloud,on-prem,False,25,26
recency-last,v4-50-f2-mixed-zstd1-aes-1024,4,0.666666666667,public-cloud,on-prem,False,26,28
recency-last,v4-51-f2-random-zstd1-aes-1152,4,0.333333333333,on-prem,public-cloud,False,11,14
recency-last,v4-52-f3-r50-fp32-224-384,4,1,public-cloud,public-cloud,True,29.5,29.5
recency-last,v4-53-f0-cpu-45k,4,1,public-cloud,public-cloud,True,20,20
recency-last,v4-54-f5-sf1-q1-r2,4,1,public-cloud,on-prem,False,14,14
recency-last,v4-55-f3-r50-fp32-288-96,4,1,public-cloud,public-cloud,True,17,17
recency-last,v4-56-f1-x265-720p-mandelbrot-med-500,4,1,public-cloud,public-cloud,True,35,35
recency-last,v4-57-f2-random-zstd1-aes-768,4,0.5,public-cloud,edge-1,False,10,11
recency-last,v4-58-f3-r50-int8-224-288,4,1,edge-1,edge-1,True,17,17
recency-last,v4-59-f4-pr-uniform-21-n1,4,0.666666666667,on-prem,public-cloud,False,9.5,14.5
recency-last,v4-60-f1-x265-720p-testsrc2-med-1100,4,1,public-cloud,public-cloud,True,49,49
recency-last,v4-61-f2-random-zstd1-chacha-1152,4,0.6,edge-1,public-cloud,False,12,13
recency-last,v4-62-f5-sf1-q9-r2,4,1,on-prem,on-prem,True,14,14
recency-last,v4-63-f1-x265-720p-testsrc2-med-1500,4,1,public-cloud,public-cloud,True,53.5,53.5
recency-last,v4-64-f1-x265-720p-testsrc2-med-400,4,1,public-cloud,public-cloud,True,17,17
recency-last,v4-65-f3-mnv2-int8-224-1500,4,1,edge-1,public-cloud,False,13,17
recency-last,v4-66-f4-tc-kron-20-n1,4,0.666666666667,public-cloud,on-prem,False,14.5,16.5
recency-last,v4-67-f3-mnv2-fp32-224-1500,4,0.666666666667,public-cloud,on-prem,False,19.5,24
recency-last,v4-68-f3-mnv2-int8-224-2000,4,0.666666666667,public-cloud,edge-1,False,19,22
recency-last,v4-69-f0-cpu-45k,4,1,public-cloud,public-cloud,True,17.5,17.5
recency-last,v4-70-f2-random-zstd1-chacha-768,4,0.2,public-cloud,edge-1,False,10,11
recency-last-two-mean,v4-44-f0-cpu-45k,4,1,public-cloud,public-cloud,True,18.5,18.5
recency-last-two-mean,v4-45-f3-r50-int8-224-128,4,1,edge-1,edge-1,True,10,10
recency-last-two-mean,v4-46-f3-r50-int8-224-192,4,1,edge-1,edge-1,True,12,12
recency-last-two-mean,v4-47-f3-r50-fp32-224-288,4,1,public-cloud,public-cloud,True,18.5,18.5
recency-last-two-mean,v4-48-f1-x264-720p-testsrc2-veryfast-2400,4,1,public-cloud,public-cloud,True,21,21
recency-last-two-mean,v4-49-f4-pr-kron-22-n1,4,0.666666666667,public-cloud,on-prem,False,25,26
recency-last-two-mean,v4-50-f2-mixed-zstd1-aes-1024,4,0.666666666667,public-cloud,on-prem,False,26,28
recency-last-two-mean,v4-51-f2-random-zstd1-aes-1152,4,0.333333333333,on-prem,public-cloud,False,11,14
recency-last-two-mean,v4-52-f3-r50-fp32-224-384,4,1,public-cloud,public-cloud,True,29.5,29.5
recency-last-two-mean,v4-53-f0-cpu-45k,4,1,public-cloud,public-cloud,True,20,20
recency-last-two-mean,v4-54-f5-sf1-q1-r2,4,1,public-cloud,on-prem,False,14,14
recency-last-two-mean,v4-55-f3-r50-fp32-288-96,4,1,public-cloud,public-cloud,True,17,17
recency-last-two-mean,v4-56-f1-x265-720p-mandelbrot-med-500,4,1,public-cloud,public-cloud,True,35,35
recency-last-two-mean,v4-57-f2-random-zstd1-aes-768,4,0.5,public-cloud,edge-1,False,10,11
recency-last-two-mean,v4-58-f3-r50-int8-224-288,4,1,edge-1,edge-1,True,17,17
recency-last-two-mean,v4-59-f4-pr-uniform-21-n1,4,0.666666666667,on-prem,public-cloud,False,9.5,14.5
recency-last-two-mean,v4-60-f1-x265-720p-testsrc2-med-1100,4,1,public-cloud,public-cloud,True,49,49
recency-last-two-mean,v4-61-f2-random-zstd1-chacha-1152,4,0.6,edge-1,public-cloud,False,12,13
recency-last-two-mean,v4-62-f5-sf1-q9-r2,4,1,on-prem,on-prem,True,14,14
recency-last-two-mean,v4-63-f1-x265-720p-testsrc2-med-1500,4,1,public-cloud,public-cloud,True,53.5,53.5
recency-last-two-mean,v4-64-f1-x265-720p-testsrc2-med-400,4,1,public-cloud,public-cloud,True,17,17
recency-last-two-mean,v4-65-f3-mnv2-int8-224-1500,4,1,edge-1,public-cloud,False,13,17
recency-last-two-mean,v4-66-f4-tc-kron-20-n1,4,0.666666666667,public-cloud,on-prem,False,14.5,16.5
recency-last-two-mean,v4-67-f3-mnv2-fp32-224-1500,4,0.666666666667,public-cloud,on-prem,False,19.5,24
recency-last-two-mean,v4-68-f3-mnv2-int8-224-2000,4,0.666666666667,public-cloud,edge-1,False,19,22
recency-last-two-mean,v4-69-f0-cpu-45k,4,1,public-cloud,public-cloud,True,17.5,17.5
recency-last-two-mean,v4-70-f2-random-zstd1-chacha-768,4,0.2,public-cloud,edge-1,False,10,11
